name to say,file name (without the type),counties using it,states,recorded?
Abbeville,abbeville,1,south_carolina,
Acadia,acadia,1,louisiana,
Accomack,accomack,1,virginia,
Ada,ada,1,idaho,
Adair,adair,4,iowa kentucky missouri oklahoma,
Adams,adams,12,colorado idaho illinois indiana ...,
Addison,addison,1,vermont,
Adjuntas,adjuntas,1,puerto_rico,
Aguada,aguada,1,puerto_rico,
Aguadilla,aguadilla,1,puerto_rico,
Aguas Buenas,aguas-buenas,1,puerto_rico,
Aibonito,aibonito,1,puerto_rico,
Aiken,aiken,1,south_carolina,
Aitkin,aitkin,1,minnesota,
Alachua,alachua,1,florida,
Alamance,alamance,1,north_carolina,
Alameda,alameda,1,california,
Alamosa,alamosa,1,colorado,
Albany,albany,2,new_york wyoming,
Albemarle,albemarle,1,virginia,
Alcona,alcona,1,michigan,
Alcorn,alcorn,1,mississippi,
Aleutians East,aleutians-east,1,alaska,
Aleutians West,aleutians-west,1,alaska,
Alexander,alexander,2,illinois north_carolina,
Alexandria,alexandria,1,virginia,
Alfalfa,alfalfa,1,oklahoma,
Alger,alger,1,michigan,
Allamakee,allamakee,1,iowa,
Allegan,allegan,1,michigan,
Allegany,allegany,2,maryland new_york,
Alleghany,alleghany,2,north_carolina virginia,
Allegheny,allegheny,1,pennsylvania,
Allen,allen,5,indiana kansas kentucky louisiana ...,
Allendale,allendale,1,south_carolina,
Alpena,alpena,1,michigan,
Alpine,alpine,1,california,
Amador,amador,1,california,
Amelia,amelia,1,virginia,
Amherst,amherst,1,virginia,
Amite,amite,1,mississippi,
Añasco,anasco,1,puerto_rico,
Anchorage,anchorage,1,alaska,
Anderson,anderson,5,kansas kentucky south_carolina tennessee ...,
Andrew,andrew,1,missouri,
Andrews,andrews,1,texas,
Androscoggin,androscoggin,1,maine,
Angelina,angelina,1,texas,
Anne Arundel,anne-arundel,1,maryland,
Anoka,anoka,1,minnesota,
Anson,anson,1,north_carolina,
Antelope,antelope,1,nebraska,
Antrim,antrim,1,michigan,
Apache,apache,1,arizona,
Appanoose,appanoose,1,iowa,
Appling,appling,1,georgia,
Appomattox,appomattox,1,virginia,
Aransas,aransas,1,texas,
Arapahoe,arapahoe,1,colorado,
Archer,archer,1,texas,
Archuleta,archuleta,1,colorado,
Arecibo,arecibo,1,puerto_rico,
Arenac,arenac,1,michigan,
Arkansas,arkansas,1,arkansas,
Arlington,arlington,1,virginia,
Armstrong,armstrong,2,pennsylvania texas,
Aroostook,aroostook,1,maine,
Arroyo,arroyo,1,puerto_rico,
Arthur,arthur,1,nebraska,
Ascension,ascension,1,louisiana,
Ashe,ashe,1,north_carolina,
Ashland,ashland,2,ohio wisconsin,
Ashley,ashley,1,arkansas,
Ashtabula,ashtabula,1,ohio,
Asotin,asotin,1,washington,
Assumption,assumption,1,louisiana,
Atascosa,atascosa,1,texas,
Atchison,atchison,2,kansas missouri,
Athens,athens,1,ohio,
Atkinson,atkinson,1,georgia,
Atlantic,atlantic,1,new_jersey,
Atoka,atoka,1,oklahoma,
Attala,attala,1,mississippi,
Audrain,audrain,1,missouri,
Audubon,audubon,1,iowa,
Auglaize,auglaize,1,ohio,
Augusta,augusta,1,virginia,
Aurora,aurora,1,south_dakota,
Austin,austin,1,texas,
Autauga,autauga,1,alabama,
Avery,avery,1,north_carolina,
Avoyelles,avoyelles,1,louisiana,
Baca,baca,1,colorado,
Bacon,bacon,1,georgia,
Bailey,bailey,1,texas,
Baker,baker,3,florida georgia oregon,
Baldwin,baldwin,2,alabama georgia,
Ballard,ballard,1,kentucky,
Baltimore,baltimore,1,maryland,
Baltimore City,baltimore-city,1,maryland,
Bamberg,bamberg,1,south_carolina,
Bandera,bandera,1,texas,
Banks,banks,1,georgia,
Banner,banner,1,nebraska,
Bannock,bannock,1,idaho,
Baraga,baraga,1,michigan,
Barber,barber,1,kansas,
Barbour,barbour,2,alabama west_virginia,
Barceloneta,barceloneta,1,puerto_rico,
Barnes,barnes,1,north_dakota,
Barnstable,barnstable,1,massachusetts,
Barnwell,barnwell,1,south_carolina,
Barranquitas,barranquitas,1,puerto_rico,
Barren,barren,1,kentucky,
Barron,barron,1,wisconsin,
Barrow,barrow,1,georgia,
Barry,barry,2,michigan missouri,
Bartholomew,bartholomew,1,indiana,
Barton,barton,2,kansas missouri,
Bartow,bartow,1,georgia,
Bastrop,bastrop,1,texas,
Bates,bates,1,missouri,
Bath,bath,2,kentucky virginia,
Baxter,baxter,1,arkansas,
Bay,bay,2,florida michigan,
Bayamón,bayamon,1,puerto_rico,
Bayfield,bayfield,1,wisconsin,
Baylor,baylor,1,texas,
Beadle,beadle,1,south_dakota,
Bear Lake,bear-lake,1,idaho,
Beaufort,beaufort,2,north_carolina south_carolina,
Beauregard,beauregard,1,louisiana,
Beaver,beaver,3,oklahoma pennsylvania utah,
Beaverhead,beaverhead,1,montana,
Becker,becker,1,minnesota,
Beckham,beckham,1,oklahoma,
Bedford,bedford,3,pennsylvania tennessee virginia,
Bee,bee,1,texas,
Belknap,belknap,1,new_hampshire,
Bell,bell,2,kentucky texas,
Belmont,belmont,1,ohio,
Beltrami,beltrami,1,minnesota,
Ben Hill,ben-hill,1,georgia,
Benewah,benewah,1,idaho,
Bennett,bennett,1,south_dakota,
Bennington,bennington,1,vermont,
Benson,benson,1,north_dakota,
Bent,bent,1,colorado,
Benton,benton,9,arkansas indiana iowa minnesota ...,
Benzie,benzie,1,michigan,
Bergen,bergen,1,new_jersey,
Berkeley,berkeley,2,south_carolina west_virginia,
Berks,berks,1,pennsylvania,
Berkshire,berkshire,1,massachusetts,
Bernalillo,bernalillo,1,new_mexico,
Berrien,berrien,2,georgia michigan,
Bertie,bertie,1,north_carolina,
Bethel,bethel,1,alaska,
Bexar,bexar,1,texas,
Bibb,bibb,2,alabama georgia,
Bienville,bienville,1,louisiana,
Big Horn,big-horn,2,montana wyoming,
Big Stone,big-stone,1,minnesota,
Billings,billings,1,north_dakota,
Bingham,bingham,1,idaho,
Black Hawk,black-hawk,1,iowa,
Blackford,blackford,1,indiana,
Bladen,bladen,1,north_carolina,
Blaine,blaine,4,idaho montana nebraska oklahoma,
Blair,blair,1,pennsylvania,
Blanco,blanco,1,texas,
Bland,bland,1,virginia,
Bleckley,bleckley,1,georgia,
Bledsoe,bledsoe,1,tennessee,
Blount,blount,2,alabama tennessee,
Blue Earth,blue-earth,1,minnesota,
Boise,boise,1,idaho,
Bolivar,bolivar,1,mississippi,
Bollinger,bollinger,1,missouri,
Bon Homme,bon-homme,1,south_dakota,
Bond,bond,1,illinois,
Bonner,bonner,1,idaho,
Bonneville,bonneville,1,idaho,
Boone,boone,8,arkansas illinois indiana iowa ...,
Borden,borden,1,texas,
Bosque,bosque,1,texas,
Bossier,bossier,1,louisiana,
Botetourt,botetourt,1,virginia,
Bottineau,bottineau,1,north_dakota,
Boulder,boulder,1,colorado,
Boundary,boundary,1,idaho,
Bourbon,bourbon,2,kansas kentucky,
Bowie,bowie,1,texas,
Bowman,bowman,1,north_dakota,
Box Butte,box-butte,1,nebraska,
Box Elder,box-elder,1,utah,
Boyd,boyd,2,kentucky nebraska,
Boyle,boyle,1,kentucky,
Bracken,bracken,1,kentucky,
Bradford,bradford,2,florida pennsylvania,
Bradley,bradley,2,arkansas tennessee,
Branch,branch,1,michigan,
Brantley,brantley,1,georgia,
Braxton,braxton,1,west_virginia,
Brazoria,brazoria,1,texas,
Brazos,brazos,1,texas,
Breathitt,breathitt,1,kentucky,
Breckinridge,breckinridge,1,kentucky,
Bremer,bremer,1,iowa,
Brevard,brevard,1,florida,
Brewster,brewster,1,texas,
Briscoe,briscoe,1,texas,
Bristol,bristol,3,massachusetts rhode_island virginia,
Bristol Bay,bristol-bay,1,alaska,
Broadwater,broadwater,1,montana,
Bronx,bronx,1,new_york,
Brooke,brooke,1,west_virginia,
Brookings,brookings,1,south_dakota,
Brooks,brooks,2,georgia texas,
Broome,broome,1,new_york,
Broomfield,broomfield,1,colorado,
Broward,broward,1,florida,
Brown,brown,9,illinois indiana kansas minnesota ...,
Brule,brule,1,south_dakota,
Brunswick,brunswick,2,north_carolina virginia,
Bryan,bryan,2,georgia oklahoma,
Buchanan,buchanan,3,iowa missouri virginia,
Buckingham,buckingham,1,virginia,
Bucks,bucks,1,pennsylvania,
Buena Vista,buena-vista,2,iowa virginia,
Buffalo,buffalo,3,nebraska south_dakota wisconsin,
Bullitt,bullitt,1,kentucky,
Bulloch,bulloch,1,georgia,
Bullock,bullock,1,alabama,
Buncombe,buncombe,1,north_carolina,
Bureau,bureau,1,illinois,
Burke,burke,3,georgia north_carolina north_dakota,
Burleigh,burleigh,1,north_dakota,
Burleson,burleson,1,texas,
Burlington,burlington,1,new_jersey,
Burnet,burnet,1,texas,
Burnett,burnett,1,wisconsin,
Burt,burt,1,nebraska,
Butler,butler,8,alabama iowa kansas kentucky ...,
Butte,butte,3,california idaho south_dakota,
Butts,butts,1,georgia,
Cabarrus,cabarrus,1,north_carolina,
Cabell,cabell,1,west_virginia,
Cabo Rojo,cabo-rojo,1,puerto_rico,
Cache,cache,1,utah,
Caddo,caddo,2,louisiana oklahoma,
Caguas,caguas,1,puerto_rico,
Calaveras,calaveras,1,california,
Calcasieu,calcasieu,1,louisiana,
Caldwell,caldwell,5,kentucky louisiana missouri north_carolina ...,
Caledonia,caledonia,1,vermont,
Calhoun,calhoun,11,alabama arkansas florida georgia ...,
Callahan,callahan,1,texas,
Callaway,callaway,1,missouri,
Calloway,calloway,1,kentucky,
Calumet,calumet,1,wisconsin,
Calvert,calvert,1,maryland,
Camas,camas,1,idaho,
Cambria,cambria,1,pennsylvania,
Camden,camden,4,georgia missouri new_jersey north_carolina,
Cameron,cameron,3,louisiana pennsylvania texas,
Camp,camp,1,texas,
Campbell,campbell,5,kentucky south_dakota tennessee virginia ...,
Camuy,camuy,1,puerto_rico,
Canadian,canadian,1,oklahoma,
Candler,candler,1,georgia,
Cannon,cannon,1,tennessee,
Canóvanas,canovanas,1,puerto_rico,
Canyon,canyon,1,idaho,
Cape Girardeau,cape-girardeau,1,missouri,
Cape May,cape-may,1,new_jersey,
Capitol,capitol,1,connecticut,
Carbon,carbon,4,montana pennsylvania utah wyoming,
Caribou,caribou,1,idaho,
Carlisle,carlisle,1,kentucky,
Carlton,carlton,1,minnesota,
Carolina,carolina,1,puerto_rico,
Caroline,caroline,2,maryland virginia,
Carroll,carroll,13,arkansas georgia illinois indiana ...,
Carson,carson,1,texas,
Carson City,carson-city,1,nevada,
Carter,carter,5,kentucky missouri montana oklahoma ...,
Carteret,carteret,1,north_carolina,
Carver,carver,1,minnesota,
Cascade,cascade,1,montana,
Casey,casey,1,kentucky,
Cass,cass,9,illinois indiana iowa michigan ...,
Cassia,cassia,1,idaho,
Castro,castro,1,texas,
Caswell,caswell,1,north_carolina,
Catahoula,catahoula,1,louisiana,
Cataño,catano,1,puerto_rico,
Catawba,catawba,1,north_carolina,
Catoosa,catoosa,1,georgia,
Catron,catron,1,new_mexico,
Cattaraugus,cattaraugus,1,new_york,
Cavalier,cavalier,1,north_dakota,
Cayey,cayey,1,puerto_rico,
Cayuga,cayuga,1,new_york,
Cecil,cecil,1,maryland,
Cedar,cedar,3,iowa missouri nebraska,
Ceiba,ceiba,1,puerto_rico,
Centre,centre,1,pennsylvania,
Cerro Gordo,cerro-gordo,1,iowa,
Chaffee,chaffee,1,colorado,
Chambers,chambers,2,alabama texas,
Champaign,champaign,2,illinois ohio,
Chariton,chariton,1,missouri,
Charles,charles,1,maryland,
Charles City,charles-city,1,virginia,
Charles Mix,charles-mix,1,south_dakota,
Charleston,charleston,1,south_carolina,
Charlevoix,charlevoix,1,michigan,
Charlotte,charlotte,2,florida virginia,
Charlottesville,charlottesville,1,virginia,
Charlton,charlton,1,georgia,
Chase,chase,2,kansas nebraska,
Chatham,chatham,2,georgia north_carolina,
Chattahoochee,chattahoochee,1,georgia,
Chattooga,chattooga,1,georgia,
Chautauqua,chautauqua,2,kansas new_york,
Chaves,chaves,1,new_mexico,
Cheatham,cheatham,1,tennessee,
Cheboygan,cheboygan,1,michigan,
Chelan,chelan,1,washington,
Chemung,chemung,1,new_york,
Chenango,chenango,1,new_york,
Cherokee,cherokee,8,alabama georgia iowa kansas ...,
Cherry,cherry,1,nebraska,
Chesapeake,chesapeake,1,virginia,
Cheshire,cheshire,1,new_hampshire,
Chester,chester,3,pennsylvania south_carolina tennessee,
Chesterfield,chesterfield,2,south_carolina virginia,
Cheyenne,cheyenne,3,colorado kansas nebraska,
Chickasaw,chickasaw,2,iowa mississippi,
Chicot,chicot,1,arkansas,
Childress,childress,1,texas,
Chilton,chilton,1,alabama,
Chippewa,chippewa,3,michigan minnesota wisconsin,
Chisago,chisago,1,minnesota,
Chittenden,chittenden,1,vermont,
Choctaw,choctaw,3,alabama mississippi oklahoma,
Chouteau,chouteau,1,montana,
Chowan,chowan,1,north_carolina,
Christian,christian,3,illinois kentucky missouri,
Chugach,chugach,1,alaska,
Churchill,churchill,1,nevada,
Ciales,ciales,1,puerto_rico,
Cibola,cibola,1,new_mexico,
Cidra,cidra,1,puerto_rico,
Cimarron,cimarron,1,oklahoma,
Citrus,citrus,1,florida,
Clackamas,clackamas,1,oregon,
Claiborne,claiborne,3,louisiana mississippi tennessee,
Clallam,clallam,1,washington,
Clare,clare,1,michigan,
Clarendon,clarendon,1,south_carolina,
Clarion,clarion,1,pennsylvania,
Clark,clark,12,arkansas idaho illinois indiana ...,
Clarke,clarke,5,alabama georgia iowa mississippi ...,
Clatsop,clatsop,1,oregon,
Clay,clay,18,alabama arkansas florida georgia ...,
Clayton,clayton,2,georgia iowa,
Clear Creek,clear-creek,1,colorado,
Clearfield,clearfield,1,pennsylvania,
Clearwater,clearwater,2,idaho minnesota,
Cleburne,cleburne,2,alabama arkansas,
Clermont,clermont,1,ohio,
Cleveland,cleveland,3,arkansas north_carolina oklahoma,
Clinch,clinch,1,georgia,
Clinton,clinton,9,illinois indiana iowa kentucky ...,
Cloud,cloud,1,kansas,
Coahoma,coahoma,1,mississippi,
Coal,coal,1,oklahoma,
Coamo,coamo,1,puerto_rico,
Cobb,cobb,1,georgia,
Cochise,cochise,1,arizona,
Cochran,cochran,1,texas,
Cocke,cocke,1,tennessee,
Coconino,coconino,1,arizona,
Codington,codington,1,south_dakota,
Coffee,coffee,3,alabama georgia tennessee,
Coffey,coffey,1,kansas,
Coke,coke,1,texas,
Colbert,colbert,1,alabama,
Cole,cole,1,missouri,
Coleman,coleman,1,texas,
Coles,coles,1,illinois,
Colfax,colfax,2,nebraska new_mexico,
Colleton,colleton,1,south_carolina,
Collier,collier,1,florida,
Collin,collin,1,texas,
Collingsworth,collingsworth,1,texas,
Colonial Heights,colonial-heights,1,virginia,
Colorado,colorado,1,texas,
Colquitt,colquitt,1,georgia,
Columbia,columbia,8,arkansas florida georgia new_york ...,
Columbiana,columbiana,1,ohio,
Columbus,columbus,1,north_carolina,
Colusa,colusa,1,california,
Comal,comal,1,texas,
Comanche,comanche,3,kansas oklahoma texas,
Comerío,comerio,1,puerto_rico,
Concho,concho,1,texas,
Concordia,concordia,1,louisiana,
Conecuh,conecuh,1,alabama,
Conejos,conejos,1,colorado,
Contra Costa,contra-costa,1,california,
Converse,converse,1,wyoming,
Conway,conway,1,arkansas,
Cook,cook,3,georgia illinois minnesota,
Cooke,cooke,1,texas,
Cooper,cooper,1,missouri,
Coös,coos,2,new_hampshire oregon,
Coosa,coosa,1,alabama,
Copiah,copiah,1,mississippi,
Copper River,copper-river,1,alaska,
Corozal,corozal,1,puerto_rico,
Corson,corson,1,south_dakota,
Cortland,cortland,1,new_york,
Coryell,coryell,1,texas,
Coshocton,coshocton,1,ohio,
Costilla,costilla,1,colorado,
Cottle,cottle,1,texas,
Cotton,cotton,1,oklahoma,
Cottonwood,cottonwood,1,minnesota,
Covington,covington,3,alabama mississippi virginia,
Coweta,coweta,1,georgia,
Cowley,cowley,1,kansas,
Cowlitz,cowlitz,1,washington,
Craig,craig,2,oklahoma virginia,
Craighead,craighead,1,arkansas,
Crane,crane,1,texas,
Craven,craven,1,north_carolina,
Crawford,crawford,11,arkansas georgia illinois indiana ...,
Creek,creek,1,oklahoma,
Crenshaw,crenshaw,1,alabama,
Crisp,crisp,1,georgia,
Crittenden,crittenden,2,arkansas kentucky,
Crockett,crockett,2,tennessee texas,
Crook,crook,2,oregon wyoming,
Crosby,crosby,1,texas,
Cross,cross,1,arkansas,
Crow Wing,crow-wing,1,minnesota,
Crowley,crowley,1,colorado,
Culberson,culberson,1,texas,
Culebra,culebra,1,puerto_rico,
Cullman,cullman,1,alabama,
Culpeper,culpeper,1,virginia,
Cumberland,cumberland,8,illinois kentucky maine new_jersey ...,
Cuming,cuming,1,nebraska,
Currituck,currituck,1,north_carolina,
Curry,curry,2,new_mexico oregon,
Custer,custer,6,colorado idaho montana nebraska ...,
Cuyahoga,cuyahoga,1,ohio,
Dade,dade,2,georgia missouri,
Daggett,daggett,1,utah,
Dakota,dakota,2,minnesota nebraska,
Dale,dale,1,alabama,
Dallam,dallam,1,texas,
Dallas,dallas,5,alabama arkansas iowa missouri ...,
Dane,dane,1,wisconsin,
Daniels,daniels,1,montana,
Danville,danville,1,virginia,
Dare,dare,1,north_carolina,
Darke,darke,1,ohio,
Darlington,darlington,1,south_carolina,
Dauphin,dauphin,1,pennsylvania,
Davidson,davidson,2,north_carolina tennessee,
Davie,davie,1,north_carolina,
Daviess,daviess,3,indiana kentucky missouri,
Davis,davis,2,iowa utah,
Davison,davison,1,south_dakota,
Dawes,dawes,1,nebraska,
Dawson,dawson,4,georgia montana nebraska texas,
Day,day,1,south_dakota,
De Baca,de-baca,1,new_mexico,
Deaf Smith,deaf-smith,1,texas,
Dearborn,dearborn,1,indiana,
Decatur,decatur,5,georgia indiana iowa kansas ...,
Deer Lodge,deer-lodge,1,montana,
Defiance,defiance,1,ohio,
DeKalb,dekalb,6,alabama georgia illinois indiana ...,
Del Norte,del-norte,1,california,
Delaware,delaware,6,indiana iowa new_york ohio ...,
Delta,delta,3,colorado michigan texas,
Denali,denali,1,alaska,
Dent,dent,1,missouri,
Denton,denton,1,texas,
Denver,denver,1,colorado,
Des Moines,des-moines,1,iowa,
Deschutes,deschutes,1,oregon,
Desha,desha,1,arkansas,
DeSoto,desoto,3,florida louisiana mississippi,
Deuel,deuel,2,nebraska south_dakota,
Dewey,dewey,2,oklahoma south_dakota,
DeWitt,dewitt,2,illinois texas,
Dickens,dickens,1,texas,
Dickenson,dickenson,1,virginia,
Dickey,dickey,1,north_dakota,
Dickinson,dickinson,3,iowa kansas michigan,
Dickson,dickson,1,tennessee,
Dillingham,dillingham,1,alaska,
Dillon,dillon,1,south_carolina,
Dimmit,dimmit,1,texas,
Dinwiddie,dinwiddie,1,virginia,
Divide,divide,1,north_dakota,
Dixie,dixie,1,florida,
Dixon,dixon,1,nebraska,
Doddridge,doddridge,1,west_virginia,
Dodge,dodge,4,georgia minnesota nebraska wisconsin,
Dolores,dolores,1,colorado,
Doña Ana,dona-ana,1,new_mexico,
Doniphan,doniphan,1,kansas,
Donley,donley,1,texas,
Dooly,dooly,1,georgia,
Door,door,1,wisconsin,
Dorado,dorado,1,puerto_rico,
Dorchester,dorchester,2,maryland south_carolina,
Dougherty,dougherty,1,georgia,
Douglas,douglas,12,colorado georgia illinois kansas ...,
Drew,drew,1,arkansas,
Dubois,dubois,1,indiana,
Dubuque,dubuque,1,iowa,
Duchesne,duchesne,1,utah,
Dukes,dukes,1,massachusetts,
Dundy,dundy,1,nebraska,
Dunklin,dunklin,1,missouri,
Dunn,dunn,2,north_dakota wisconsin,
DuPage,dupage,1,illinois,
Duplin,duplin,1,north_carolina,
Durham,durham,1,north_carolina,
Dutchess,dutchess,1,new_york,
Duval,duval,2,florida texas,
Dyer,dyer,1,tennessee,
Eagle,eagle,1,colorado,
Early,early,1,georgia,
East Baton Rouge,east-baton-rouge,1,louisiana,
East Carroll,east-carroll,1,louisiana,
East Feliciana,east-feliciana,1,louisiana,
Eastern,eastern,1,american_samoa,
Eastland,eastland,1,texas,
Eaton,eaton,1,michigan,
Eau Claire,eau-claire,1,wisconsin,
Echols,echols,1,georgia,
Ector,ector,1,texas,
Eddy,eddy,2,new_mexico north_dakota,
Edgar,edgar,1,illinois,
Edgecombe,edgecombe,1,north_carolina,
Edgefield,edgefield,1,south_carolina,
Edmonson,edmonson,1,kentucky,
Edmunds,edmunds,1,south_dakota,
Edwards,edwards,3,illinois kansas texas,
Effingham,effingham,2,georgia illinois,
El Dorado,el-dorado,1,california,
El Paso,el-paso,2,colorado texas,
Elbert,elbert,2,colorado georgia,
Elk,elk,2,kansas pennsylvania,
Elkhart,elkhart,1,indiana,
Elko,elko,1,nevada,
Elliott,elliott,1,kentucky,
Ellis,ellis,3,kansas oklahoma texas,
Ellsworth,ellsworth,1,kansas,
Elmore,elmore,2,alabama idaho,
Emanuel,emanuel,1,georgia,
Emery,emery,1,utah,
Emmet,emmet,2,iowa michigan,
Emmons,emmons,1,north_dakota,
Emporia,emporia,1,virginia,
Erath,erath,1,texas,
Erie,erie,3,new_york ohio pennsylvania,
Escambia,escambia,2,alabama florida,
Esmeralda,esmeralda,1,nevada,
Essex,essex,5,massachusetts new_jersey new_york vermont ...,
Estill,estill,1,kentucky,
Etowah,etowah,1,alabama,
Eureka,eureka,1,nevada,
Evangeline,evangeline,1,louisiana,
Evans,evans,1,georgia,
Fairbanks North Star,fairbanks-north-star,1,alaska,
Fairfax,fairfax,1,virginia,
Fairfax City,fairfax-city,1,virginia,
Fairfield,fairfield,2,ohio south_carolina,
Fajardo,fajardo,1,puerto_rico,
Fall River,fall-river,1,south_dakota,
Fallon,fallon,1,montana,
Falls,falls,1,texas,
Falls Church,falls-church,1,virginia,
Fannin,fannin,2,georgia texas,
Faribault,faribault,1,minnesota,
Faulk,faulk,1,south_dakota,
Faulkner,faulkner,1,arkansas,
Fauquier,fauquier,1,virginia,
Fayette,fayette,11,alabama georgia illinois indiana ...,
Fentress,fentress,1,tennessee,
Fergus,fergus,1,montana,
Ferry,ferry,1,washington,
Fillmore,fillmore,2,minnesota nebraska,
Finney,finney,1,kansas,
Fisher,fisher,1,texas,
Flagler,flagler,1,florida,
Flathead,flathead,1,montana,
Fleming,fleming,1,kentucky,
Florence,florence,2,south_carolina wisconsin,
Florida,florida,1,puerto_rico,
Floyd,floyd,6,georgia indiana iowa kentucky ...,
Fluvanna,fluvanna,1,virginia,
Foard,foard,1,texas,
Fond du Lac,fond-du-lac,1,wisconsin,
Ford,ford,2,illinois kansas,
Forest,forest,2,pennsylvania wisconsin,
Forrest,forrest,1,mississippi,
Forsyth,forsyth,2,georgia north_carolina,
Fort Bend,fort-bend,1,texas,
Foster,foster,1,north_dakota,
Fountain,fountain,1,indiana,
Franklin,franklin,25,alabama arkansas florida georgia ...,
Franklin City,franklin-city,1,virginia,
Frederick,frederick,2,maryland virginia,
Fredericksburg,fredericksburg,1,virginia,
Freeborn,freeborn,1,minnesota,
Freestone,freestone,1,texas,
Fremont,fremont,4,colorado idaho iowa wyoming,
Fresno,fresno,1,california,
Frio,frio,1,texas,
Frontier,frontier,1,nebraska,
Fulton,fulton,8,arkansas georgia illinois indiana ...,
Furnas,furnas,1,nebraska,
Gadsden,gadsden,1,florida,
Gage,gage,1,nebraska,
Gaines,gaines,1,texas,
Galax,galax,1,virginia,
Gallatin,gallatin,3,illinois kentucky montana,
Gallia,gallia,1,ohio,
Galveston,galveston,1,texas,
Garden,garden,1,nebraska,
Garfield,garfield,6,colorado montana nebraska oklahoma ...,
Garland,garland,1,arkansas,
Garrard,garrard,1,kentucky,
Garrett,garrett,1,maryland,
Garvin,garvin,1,oklahoma,
Garza,garza,1,texas,
Gasconade,gasconade,1,missouri,
Gaston,gaston,1,north_carolina,
Gates,gates,1,north_carolina,
Geary,geary,1,kansas,
Geauga,geauga,1,ohio,
Gem,gem,1,idaho,
Genesee,genesee,2,michigan new_york,
Geneva,geneva,1,alabama,
Gentry,gentry,1,missouri,
George,george,1,mississippi,
Georgetown,georgetown,1,south_carolina,
Gibson,gibson,2,indiana tennessee,
Gila,gila,1,arizona,
Gilchrist,gilchrist,1,florida,
Giles,giles,2,tennessee virginia,
Gillespie,gillespie,1,texas,
Gilliam,gilliam,1,oregon,
Gilmer,gilmer,2,georgia west_virginia,
Gilpin,gilpin,1,colorado,
Glacier,glacier,1,montana,
Glades,glades,1,florida,
Gladwin,gladwin,1,michigan,
Glascock,glascock,1,georgia,
Glasscock,glasscock,1,texas,
Glenn,glenn,1,california,
Gloucester,gloucester,2,new_jersey virginia,
Glynn,glynn,1,georgia,
Gogebic,gogebic,1,michigan,
Golden Valley,golden-valley,2,montana north_dakota,
Goliad,goliad,1,texas,
Gonzales,gonzales,1,texas,
Goochland,goochland,1,virginia,
Goodhue,goodhue,1,minnesota,
Gooding,gooding,1,idaho,
Gordon,gordon,1,georgia,
Goshen,goshen,1,wyoming,
Gosper,gosper,1,nebraska,
Gove,gove,1,kansas,
Grady,grady,2,georgia oklahoma,
Grafton,grafton,1,new_hampshire,
Graham,graham,3,arizona kansas north_carolina,
Grainger,grainger,1,tennessee,
Grand,grand,2,colorado utah,
Grand Forks,grand-forks,1,north_dakota,
Grand Isle,grand-isle,1,vermont,
Grand Traverse,grand-traverse,1,michigan,
Granite,granite,1,montana,
Grant,grant,15,arkansas indiana kansas kentucky ...,
Granville,granville,1,north_carolina,
Gratiot,gratiot,1,michigan,
Graves,graves,1,kentucky,
Gray,gray,2,kansas texas,
Grays Harbor,grays-harbor,1,washington,
Grayson,grayson,3,kentucky texas virginia,
Greater Bridgeport,greater-bridgeport,1,connecticut,
Greeley,greeley,2,kansas nebraska,
Green,green,2,kentucky wisconsin,
Green Lake,green-lake,1,wisconsin,
Greenbrier,greenbrier,1,west_virginia,
Greene,greene,14,alabama arkansas georgia illinois ...,
Greenlee,greenlee,1,arizona,
Greensville,greensville,1,virginia,
Greenup,greenup,1,kentucky,
Greenville,greenville,1,south_carolina,
Greenwood,greenwood,2,kansas south_carolina,
Greer,greer,1,oklahoma,
Gregg,gregg,1,texas,
Gregory,gregory,1,south_dakota,
Grenada,grenada,1,mississippi,
Griggs,griggs,1,north_dakota,
Grimes,grimes,1,texas,
Grundy,grundy,4,illinois iowa missouri tennessee,
Guadalupe,guadalupe,2,new_mexico texas,
Guánica,guanica,1,puerto_rico,
Guayama,guayama,1,puerto_rico,
Guayanilla,guayanilla,1,puerto_rico,
Guaynabo,guaynabo,1,puerto_rico,
Guernsey,guernsey,1,ohio,
Guilford,guilford,1,north_carolina,
Gulf,gulf,1,florida,
Gunnison,gunnison,1,colorado,
Gurabo,gurabo,1,puerto_rico,
Guthrie,guthrie,1,iowa,
Gwinnett,gwinnett,1,georgia,
Haakon,haakon,1,south_dakota,
Habersham,habersham,1,georgia,
Haines,haines,1,alaska,
Hale,hale,2,alabama texas,
Halifax,halifax,2,north_carolina virginia,
Hall,hall,3,georgia nebraska texas,
Hamblen,hamblen,1,tennessee,
Hamilton,hamilton,10,florida illinois indiana iowa ...,
Hamlin,hamlin,1,south_dakota,
Hampden,hampden,1,massachusetts,
Hampshire,hampshire,2,massachusetts west_virginia,
Hampton,hampton,2,south_carolina virginia,
Hancock,hancock,10,georgia illinois indiana iowa ...,
Hand,hand,1,south_dakota,
Hanover,hanover,1,virginia,
Hansford,hansford,1,texas,
Hanson,hanson,1,south_dakota,
Haralson,haralson,1,georgia,
Hardee,hardee,1,florida,
Hardeman,hardeman,2,tennessee texas,
Hardin,hardin,6,illinois iowa kentucky ohio ...,
Harding,harding,2,new_mexico south_dakota,
Hardy,hardy,1,west_virginia,
Harford,harford,1,maryland,
Harlan,harlan,2,kentucky nebraska,
Harmon,harmon,1,oklahoma,
Harnett,harnett,1,north_carolina,
Harney,harney,1,oregon,
Harper,harper,2,kansas oklahoma,
Harris,harris,2,georgia texas,
Harrison,harrison,8,indiana iowa kentucky mississippi ...,
Harrisonburg,harrisonburg,1,virginia,
Hart,hart,2,georgia kentucky,
Hartley,hartley,1,texas,
Harvey,harvey,1,kansas,
Haskell,haskell,3,kansas oklahoma texas,
Hatillo,hatillo,1,puerto_rico,
Hawaiʻi,hawaii,1,hawaii,
Hawkins,hawkins,1,tennessee,
Hayes,hayes,1,nebraska,
Hays,hays,1,texas,
Haywood,haywood,2,north_carolina tennessee,
Heard,heard,1,georgia,
Hemphill,hemphill,1,texas,
Hempstead,hempstead,1,arkansas,
Henderson,henderson,5,illinois kentucky north_carolina tennessee ...,
Hendricks,hendricks,1,indiana,
Hendry,hendry,1,florida,
Hennepin,hennepin,1,minnesota,
Henrico,henrico,1,virginia,
Henry,henry,10,alabama georgia illinois indiana ...,
Herkimer,herkimer,1,new_york,
Hernando,hernando,1,florida,
Hertford,hertford,1,north_carolina,
Hettinger,hettinger,1,north_dakota,
Hickman,hickman,2,kentucky tennessee,
Hickory,hickory,1,missouri,
Hidalgo,hidalgo,2,new_mexico texas,
Highland,highland,2,ohio virginia,
Highlands,highlands,1,florida,
Hill,hill,2,montana texas,
Hillsborough,hillsborough,2,florida new_hampshire,
Hillsdale,hillsdale,1,michigan,
Hinds,hinds,1,mississippi,
Hinsdale,hinsdale,1,colorado,
Hitchcock,hitchcock,1,nebraska,
Hocking,hocking,1,ohio,
Hockley,hockley,1,texas,
Hodgeman,hodgeman,1,kansas,
Hoke,hoke,1,north_carolina,
Holmes,holmes,3,florida mississippi ohio,
Holt,holt,2,missouri nebraska,
Honolulu,honolulu,1,hawaii,
Hood,hood,1,texas,
Hood River,hood-river,1,oregon,
Hooker,hooker,1,nebraska,
Hoonah-Angoon,hoonah-angoon,1,alaska,
Hopewell,hopewell,1,virginia,
Hopkins,hopkins,2,kentucky texas,
Hormigueros,hormigueros,1,puerto_rico,
Horry,horry,1,south_carolina,
Hot Spring,hot-spring,1,arkansas,
Hot Springs,hot-springs,1,wyoming,
Houghton,houghton,1,michigan,
Houston,houston,5,alabama georgia minnesota tennessee ...,
Howard,howard,7,arkansas indiana iowa maryland ...,
Howell,howell,1,missouri,
Hubbard,hubbard,1,minnesota,
Hudson,hudson,1,new_jersey,
Hudspeth,hudspeth,1,texas,
Huerfano,huerfano,1,colorado,
Hughes,hughes,2,oklahoma south_dakota,
Humacao,humacao,1,puerto_rico,
Humboldt,humboldt,3,california iowa nevada,
Humphreys,humphreys,2,mississippi tennessee,
Hunt,hunt,1,texas,
Hunterdon,hunterdon,1,new_jersey,
Huntingdon,huntingdon,1,pennsylvania,
Huntington,huntington,1,indiana,
Huron,huron,2,michigan ohio,
Hutchinson,hutchinson,2,south_dakota texas,
Hyde,hyde,2,north_carolina south_dakota,
Iberia,iberia,1,louisiana,
Iberville,iberville,1,louisiana,
Ida,ida,1,iowa,
Idaho,idaho,1,idaho,
Imperial,imperial,1,california,
Independence,independence,1,arkansas,
Indian River,indian-river,1,florida,
Indiana,indiana,1,pennsylvania,
Ingham,ingham,1,michigan,
Inyo,inyo,1,california,
Ionia,ionia,1,michigan,
Iosco,iosco,1,michigan,
Iowa,iowa,2,iowa wisconsin,
Iredell,iredell,1,north_carolina,
Irion,irion,1,texas,
Iron,iron,4,michigan missouri utah wisconsin,
Iroquois,iroquois,1,illinois,
Irwin,irwin,1,georgia,
Isabela,isabela,1,puerto_rico,
Isabella,isabella,1,michigan,
Isanti,isanti,1,minnesota,
Island,island,1,washington,
Isle of Wight,isle-of-wight,1,virginia,
Issaquena,issaquena,1,mississippi,
Itasca,itasca,1,minnesota,
Itawamba,itawamba,1,mississippi,
Izard,izard,1,arkansas,
Jack,jack,1,texas,
Jackson,jackson,24,alabama arkansas colorado florida ...,
James City,james-city,1,virginia,
Jasper,jasper,8,georgia illinois indiana iowa ...,
Jay,jay,1,indiana,
Jayuya,jayuya,1,puerto_rico,
Jeff Davis,jeff-davis,2,georgia texas,
Jefferson,jefferson,26,alabama arkansas colorado florida ...,
Jefferson Davis,jefferson-davis,2,louisiana mississippi,
Jenkins,jenkins,1,georgia,
Jennings,jennings,1,indiana,
Jerauld,jerauld,1,south_dakota,
Jerome,jerome,1,idaho,
Jersey,jersey,1,illinois,
Jessamine,jessamine,1,kentucky,
Jewell,jewell,1,kansas,
Jim Hogg,jim-hogg,1,texas,
Jim Wells,jim-wells,1,texas,
Jo Daviess,jo-daviess,1,illinois,
Johnson,johnson,12,arkansas georgia illinois indiana ...,
Johnston,johnston,2,north_carolina oklahoma,
Jones,jones,6,georgia iowa mississippi north_carolina ...,
Josephine,josephine,1,oregon,
Juab,juab,1,utah,
Juana Díaz,juana-diaz,1,puerto_rico,
Judith Basin,judith-basin,1,montana,
Juncos,juncos,1,puerto_rico,
Juneau,juneau,2,alaska wisconsin,
Juniata,juniata,1,pennsylvania,
Kalamazoo,kalamazoo,1,michigan,
Kalawao,kalawao,1,hawaii,
Kalkaska,kalkaska,1,michigan,
Kanabec,kanabec,1,minnesota,
Kanawha,kanawha,1,west_virginia,
Kandiyohi,kandiyohi,1,minnesota,
Kane,kane,2,illinois utah,
Kankakee,kankakee,1,illinois,
Karnes,karnes,1,texas,
Kauaʻi,kauai,1,hawaii,
Kaufman,kaufman,1,texas,
Kay,kay,1,oklahoma,
Kearney,kearney,1,nebraska,
Kearny,kearny,1,kansas,
Keith,keith,1,nebraska,
Kemper,kemper,1,mississippi,
Kenai Peninsula,kenai-peninsula,1,alaska,
Kendall,kendall,2,illinois texas,
Kenedy,kenedy,1,texas,
Kennebec,kennebec,1,maine,
Kenosha,kenosha,1,wisconsin,
Kent,kent,5,delaware maryland michigan rhode_island ...,
Kenton,kenton,1,kentucky,
Keokuk,keokuk,1,iowa,
Kern,kern,1,california,
Kerr,kerr,1,texas,
Kershaw,kershaw,1,south_carolina,
Ketchikan Gateway,ketchikan-gateway,1,alaska,
Kewaunee,kewaunee,1,wisconsin,
Keweenaw,keweenaw,1,michigan,
Keya Paha,keya-paha,1,nebraska,
Kidder,kidder,1,north_dakota,
Kimball,kimball,1,nebraska,
Kimble,kimble,1,texas,
King,king,2,texas washington,
King and Queen,king-and-queen,1,virginia,
King George,king-george,1,virginia,
King William,king-william,1,virginia,
Kingfisher,kingfisher,1,oklahoma,
Kingman,kingman,1,kansas,
Kings,kings,2,california new_york,
Kingsbury,kingsbury,1,south_dakota,
Kinney,kinney,1,texas,
Kiowa,kiowa,3,colorado kansas oklahoma,
Kit Carson,kit-carson,1,colorado,
Kitsap,kitsap,1,washington,
Kittitas,kittitas,1,washington,
Kittson,kittson,1,minnesota,
Klamath,klamath,1,oregon,
Kleberg,kleberg,1,texas,
Klickitat,klickitat,1,washington,
Knott,knott,1,kentucky,
Knox,knox,9,illinois indiana kentucky maine ...,
Kodiak Island,kodiak-island,1,alaska,
Koochiching,koochiching,1,minnesota,
Kootenai,kootenai,1,idaho,
Kosciusko,kosciusko,1,indiana,
Kossuth,kossuth,1,iowa,
Kusilvak,kusilvak,1,alaska,
La Crosse,la-crosse,1,wisconsin,
La Paz,la-paz,1,arizona,
La Plata,la-plata,1,colorado,
La Salle,la-salle,1,texas,
Labette,labette,1,kansas,
Lac qui Parle,lac-qui-parle,1,minnesota,
Lackawanna,lackawanna,1,pennsylvania,
Laclede,laclede,1,missouri,
Lafayette,lafayette,6,arkansas florida louisiana mississippi ...,
Lafourche,lafourche,1,louisiana,
LaGrange,lagrange,1,indiana,
Lajas,lajas,1,puerto_rico,
Lake,lake,12,california colorado florida illinois ...,
Lake and Peninsula,lake-and-peninsula,1,alaska,
Lake of the Woods,lake-of-the-woods,1,minnesota,
Lamar,lamar,4,alabama georgia mississippi texas,
Lamb,lamb,1,texas,
Lamoille,lamoille,1,vermont,
LaMoure,lamoure,1,north_dakota,
Lampasas,lampasas,1,texas,
Lancaster,lancaster,4,nebraska pennsylvania south_carolina virginia,
Lander,lander,1,nevada,
Lane,lane,2,kansas oregon,
Langlade,langlade,1,wisconsin,
Lanier,lanier,1,georgia,
Lapeer,lapeer,1,michigan,
LaPorte,laporte,1,indiana,
Laramie,laramie,1,wyoming,
Lares,lares,1,puerto_rico,
Larimer,larimer,1,colorado,
Larue,larue,1,kentucky,
Las Animas,las-animas,1,colorado,
Las Marías,las-marias,1,puerto_rico,
Las Piedras,las-piedras,1,puerto_rico,
LaSalle,lasalle,2,illinois louisiana,
Lassen,lassen,1,california,
Latah,latah,1,idaho,
Latimer,latimer,1,oklahoma,
Lauderdale,lauderdale,3,alabama mississippi tennessee,
Laurel,laurel,1,kentucky,
Laurens,laurens,2,georgia south_carolina,
Lavaca,lavaca,1,texas,
Lawrence,lawrence,11,alabama arkansas illinois indiana ...,
Le Sueur,le-sueur,1,minnesota,
Lea,lea,1,new_mexico,
Leake,leake,1,mississippi,
Leavenworth,leavenworth,1,kansas,
Lebanon,lebanon,1,pennsylvania,
Lee,lee,12,alabama arkansas florida georgia ...,
Leelanau,leelanau,1,michigan,
Leflore,leflore,2,mississippi oklahoma,
Lehigh,lehigh,1,pennsylvania,
Lemhi,lemhi,1,idaho,
Lenawee,lenawee,1,michigan,
Lenoir,lenoir,1,north_carolina,
Leon,leon,2,florida texas,
Leslie,leslie,1,kentucky,
Letcher,letcher,1,kentucky,
Levy,levy,1,florida,
Lewis,lewis,7,idaho kentucky missouri new_york ...,
Lewis and Clark,lewis-and-clark,1,montana,
Lexington,lexington,2,south_carolina virginia,
Liberty,liberty,4,florida georgia montana texas,
Licking,licking,1,ohio,
Limestone,limestone,2,alabama texas,
Lincoln,lincoln,24,arkansas colorado georgia idaho ...,
Linn,linn,4,iowa kansas missouri oregon,
Lipscomb,lipscomb,1,texas,
Little River,little-river,1,arkansas,
Live Oak,live-oak,1,texas,
Livingston,livingston,6,illinois kentucky louisiana michigan ...,
Llano,llano,1,texas,
Logan,logan,10,arkansas colorado illinois kansas ...,
Loíza,loiza,1,puerto_rico,
Long,long,1,georgia,
Lonoke,lonoke,1,arkansas,
Lorain,lorain,1,ohio,
Los Alamos,los-alamos,1,new_mexico,
Los Angeles,los-angeles,1,california,
Loudon,loudon,1,tennessee,
Loudoun,loudoun,1,virginia,
Louisa,louisa,2,iowa virginia,
Loup,loup,1,nebraska,
Love,love,1,oklahoma,
Loving,loving,1,texas,
Lower Connecticut River Valley,lower-connecticut-river-valley,1,connecticut,
Lowndes,lowndes,3,alabama georgia mississippi,
Lubbock,lubbock,1,texas,
Lucas,lucas,2,iowa ohio,
Luce,luce,1,michigan,
Lumpkin,lumpkin,1,georgia,
Luna,luna,1,new_mexico,
Lunenburg,lunenburg,1,virginia,
Luquillo,luquillo,1,puerto_rico,
Luzerne,luzerne,1,pennsylvania,
Lycoming,lycoming,1,pennsylvania,
Lyman,lyman,1,south_dakota,
Lynchburg,lynchburg,1,virginia,
Lynn,lynn,1,texas,
Lyon,lyon,5,iowa kansas kentucky minnesota ...,
Mackinac,mackinac,1,michigan,
Macomb,macomb,1,michigan,
Macon,macon,6,alabama georgia illinois missouri ...,
Macoupin,macoupin,1,illinois,
Madera,madera,1,california,
Madison,madison,20,alabama arkansas florida georgia ...,
Magoffin,magoffin,1,kentucky,
Mahaska,mahaska,1,iowa,
Mahnomen,mahnomen,1,minnesota,
Mahoning,mahoning,1,ohio,
Major,major,1,oklahoma,
Malheur,malheur,1,oregon,
Manassas,manassas,1,virginia,
Manassas Park,manassas-park,1,virginia,
Manatee,manatee,1,florida,
Manatí,manati,1,puerto_rico,
Manistee,manistee,1,michigan,
Manitowoc,manitowoc,1,wisconsin,
Manuʻa,manua,1,american_samoa,
Marathon,marathon,1,wisconsin,
Marengo,marengo,1,alabama,
Maricao,maricao,1,puerto_rico,
Maricopa,maricopa,1,arizona,
Maries,maries,1,missouri,
Marin,marin,1,california,
Marinette,marinette,1,wisconsin,
Marion,marion,17,alabama arkansas florida georgia ...,
Mariposa,mariposa,1,california,
Marlboro,marlboro,1,south_carolina,
Marquette,marquette,2,michigan wisconsin,
Marshall,marshall,12,alabama illinois indiana iowa ...,
Martin,martin,6,florida indiana kentucky minnesota ...,
Martinsville,martinsville,1,virginia,
Mason,mason,6,illinois kentucky michigan texas ...,
Massac,massac,1,illinois,
Matagorda,matagorda,1,texas,
Matanuska-Susitna,matanuska-susitna,1,alaska,
Mathews,mathews,1,virginia,
Maui,maui,1,hawaii,
Maunabo,maunabo,1,puerto_rico,
Maury,maury,1,tennessee,
Maverick,maverick,1,texas,
Mayagüez,mayaguez,1,puerto_rico,
Mayes,mayes,1,oklahoma,
McClain,mcclain,1,oklahoma,
McCone,mccone,1,montana,
McCook,mccook,1,south_dakota,
McCormick,mccormick,1,south_carolina,
McCracken,mccracken,1,kentucky,
McCreary,mccreary,1,kentucky,
McCulloch,mcculloch,1,texas,
McCurtain,mccurtain,1,oklahoma,
McDonald,mcdonald,1,missouri,
McDonough,mcdonough,1,illinois,
McDowell,mcdowell,2,north_carolina west_virginia,
McDuffie,mcduffie,1,georgia,
McHenry,mchenry,2,illinois north_dakota,
McIntosh,mcintosh,3,georgia north_dakota oklahoma,
McKean,mckean,1,pennsylvania,
McKenzie,mckenzie,1,north_dakota,
McKinley,mckinley,1,new_mexico,
McLean,mclean,3,illinois kentucky north_dakota,
McLennan,mclennan,1,texas,
McLeod,mcleod,1,minnesota,
McMinn,mcminn,1,tennessee,
McMullen,mcmullen,1,texas,
McNairy,mcnairy,1,tennessee,
McPherson,mcpherson,3,kansas nebraska south_dakota,
Meade,meade,3,kansas kentucky south_dakota,
Meagher,meagher,1,montana,
Mecklenburg,mecklenburg,2,north_carolina virginia,
Mecosta,mecosta,1,michigan,
Medina,medina,2,ohio texas,
Meeker,meeker,1,minnesota,
Meigs,meigs,2,ohio tennessee,
Mellette,mellette,1,south_dakota,
Menard,menard,2,illinois texas,
Mendocino,mendocino,1,california,
Menifee,menifee,1,kentucky,
Menominee,menominee,2,michigan wisconsin,
Merced,merced,1,california,
Mercer,mercer,8,illinois kentucky missouri new_jersey ...,
Meriwether,meriwether,1,georgia,
Merrick,merrick,1,nebraska,
Merrimack,merrimack,1,new_hampshire,
Mesa,mesa,1,colorado,
Metcalfe,metcalfe,1,kentucky,
Miami,miami,3,indiana kansas ohio,
Miami-Dade,miami-dade,1,florida,
Middlesex,middlesex,3,massachusetts new_jersey virginia,
Midland,midland,2,michigan texas,
Mifflin,mifflin,1,pennsylvania,
Milam,milam,1,texas,
Millard,millard,1,utah,
Mille Lacs,mille-lacs,1,minnesota,
Miller,miller,3,arkansas georgia missouri,
Mills,mills,2,iowa texas,
Milwaukee,milwaukee,1,wisconsin,
Miner,miner,1,south_dakota,
Mineral,mineral,4,colorado montana nevada west_virginia,
Mingo,mingo,1,west_virginia,
Minidoka,minidoka,1,idaho,
Minnehaha,minnehaha,1,south_dakota,
Missaukee,missaukee,1,michigan,
Mississippi,mississippi,2,arkansas missouri,
Missoula,missoula,1,montana,
Mitchell,mitchell,5,georgia iowa kansas north_carolina ...,
Mobile,mobile,1,alabama,
Moca,moca,1,puerto_rico,
Modoc,modoc,1,california,
Moffat,moffat,1,colorado,
Mohave,mohave,1,arizona,
Moniteau,moniteau,1,missouri,
Monmouth,monmouth,1,new_jersey,
Mono,mono,1,california,
Monona,monona,1,iowa,
Monongalia,monongalia,1,west_virginia,
Monroe,monroe,17,alabama arkansas florida georgia ...,
Montague,montague,1,texas,
Montcalm,montcalm,1,michigan,
Monterey,monterey,1,california,
Montezuma,montezuma,1,colorado,
Montgomery,montgomery,18,alabama arkansas georgia illinois ...,
Montmorency,montmorency,1,michigan,
Montour,montour,1,pennsylvania,
Montrose,montrose,1,colorado,
Moody,moody,1,south_dakota,
Moore,moore,3,north_carolina tennessee texas,
Mora,mora,1,new_mexico,
Morehouse,morehouse,1,louisiana,
Morgan,morgan,11,alabama colorado georgia illinois ...,
Morovis,morovis,1,puerto_rico,
Morrill,morrill,1,nebraska,
Morris,morris,3,kansas new_jersey texas,
Morrison,morrison,1,minnesota,
Morrow,morrow,2,ohio oregon,
Morton,morton,2,kansas north_dakota,
Motley,motley,1,texas,
Moultrie,moultrie,1,illinois,
Mountrail,mountrail,1,north_dakota,
Mower,mower,1,minnesota,
Muhlenberg,muhlenberg,1,kentucky,
Multnomah,multnomah,1,oregon,
Murray,murray,3,georgia minnesota oklahoma,
Muscatine,muscatine,1,iowa,
Muscogee,muscogee,1,georgia,
Muskegon,muskegon,1,michigan,
Muskingum,muskingum,1,ohio,
Muskogee,muskogee,1,oklahoma,
Musselshell,musselshell,1,montana,
Nacogdoches,nacogdoches,1,texas,
Naguabo,naguabo,1,puerto_rico,
Nance,nance,1,nebraska,
Nantucket,nantucket,1,massachusetts,
Napa,napa,1,california,
Naranjito,naranjito,1,puerto_rico,
Nash,nash,1,north_carolina,
Nassau,nassau,2,florida new_york,
Natchitoches,natchitoches,1,louisiana,
Natrona,natrona,1,wyoming,
Naugatuck Valley,naugatuck-valley,1,connecticut,
Navajo,navajo,1,arizona,
Navarro,navarro,1,texas,
Nelson,nelson,3,kentucky north_dakota virginia,
Nemaha,nemaha,2,kansas nebraska,
Neosho,neosho,1,kansas,
Neshoba,neshoba,1,mississippi,
Ness,ness,1,kansas,
Nevada,nevada,2,arkansas california,
New Castle,new-castle,1,delaware,
New Hanover,new-hanover,1,north_carolina,
New Kent,new-kent,1,virginia,
New Madrid,new-madrid,1,missouri,
New York,new-york,1,new_york,
Newaygo,newaygo,1,michigan,
Newberry,newberry,1,south_carolina,
Newport,newport,1,rhode_island,
Newport News,newport-news,1,virginia,
Newton,newton,6,arkansas georgia indiana mississippi ...,
Nez Perce,nez-perce,1,idaho,
Niagara,niagara,1,new_york,
Nicholas,nicholas,2,kentucky west_virginia,
Nicollet,nicollet,1,minnesota,
Niobrara,niobrara,1,wyoming,
Noble,noble,3,indiana ohio oklahoma,
Nobles,nobles,1,minnesota,
Nodaway,nodaway,1,missouri,
Nolan,nolan,1,texas,
Nome,nome,1,alaska,
Norfolk,norfolk,2,massachusetts virginia,
Norman,norman,1,minnesota,
North Slope,north-slope,1,alaska,
Northampton,northampton,3,north_carolina pennsylvania virginia,
Northeastern Connecticut,northeastern-connecticut,1,connecticut,
Northern Islands,northern-islands,1,northern_mariana_islands,
Northumberland,northumberland,2,pennsylvania virginia,
Northwest Arctic,northwest-arctic,1,alaska,
Northwest Hills,northwest-hills,1,connecticut,
Norton,norton,2,kansas virginia,
Nottoway,nottoway,1,virginia,
Nowata,nowata,1,oklahoma,
Noxubee,noxubee,1,mississippi,
Nuckolls,nuckolls,1,nebraska,
Nueces,nueces,1,texas,
Nye,nye,1,nevada,
Oakland,oakland,1,michigan,
Obion,obion,1,tennessee,
O'Brien,obrien,1,iowa,
Ocean,ocean,1,new_jersey,
Oceana,oceana,1,michigan,
Ochiltree,ochiltree,1,texas,
Oconee,oconee,2,georgia south_carolina,
Oconto,oconto,1,wisconsin,
Ogemaw,ogemaw,1,michigan,
Oglala Lakota,oglala-lakota,1,south_dakota,
Ogle,ogle,1,illinois,
Oglethorpe,oglethorpe,1,georgia,
Ohio,ohio,3,indiana kentucky west_virginia,
Okaloosa,okaloosa,1,florida,
Okanogan,okanogan,1,washington,
Okeechobee,okeechobee,1,florida,
Okfuskee,okfuskee,1,oklahoma,
Oklahoma,oklahoma,1,oklahoma,
Okmulgee,okmulgee,1,oklahoma,
Oktibbeha,oktibbeha,1,mississippi,
Oldham,oldham,2,kentucky texas,
Oliver,oliver,1,north_dakota,
Olmsted,olmsted,1,minnesota,
Oneida,oneida,3,idaho new_york wisconsin,
Onondaga,onondaga,1,new_york,
Onslow,onslow,1,north_carolina,
Ontario,ontario,1,new_york,
Ontonagon,ontonagon,1,michigan,
Orange,orange,8,california florida indiana new_york ...,
Orangeburg,orangeburg,1,south_carolina,
Oregon,oregon,1,missouri,
Orleans,orleans,3,louisiana new_york vermont,
Orocovis,orocovis,1,puerto_rico,
Osage,osage,3,kansas missouri oklahoma,
Osborne,osborne,1,kansas,
Osceola,osceola,3,florida iowa michigan,
Oscoda,oscoda,1,michigan,
Oswego,oswego,1,new_york,
Otero,otero,2,colorado new_mexico,
Otoe,otoe,1,nebraska,
Otsego,otsego,2,michigan new_york,
Ottawa,ottawa,4,kansas michigan ohio oklahoma,
Otter Tail,otter-tail,1,minnesota,
Ouachita,ouachita,2,arkansas louisiana,
Ouray,ouray,1,colorado,
Outagamie,outagamie,1,wisconsin,
Overton,overton,1,tennessee,
Owen,owen,2,indiana kentucky,
Owsley,owsley,1,kentucky,
Owyhee,owyhee,1,idaho,
Oxford,oxford,1,maine,
Ozark,ozark,1,missouri,
Ozaukee,ozaukee,1,wisconsin,
Pacific,pacific,1,washington,
Page,page,2,iowa virginia,
Palm Beach,palm-beach,1,florida,
Palo Alto,palo-alto,1,iowa,
Palo Pinto,palo-pinto,1,texas,
Pamlico,pamlico,1,north_carolina,
Panola,panola,2,mississippi texas,
Park,park,3,colorado montana wyoming,
Parke,parke,1,indiana,
Parker,parker,1,texas,
Parmer,parmer,1,texas,
Pasco,pasco,1,florida,
Pasquotank,pasquotank,1,north_carolina,
Passaic,passaic,1,new_jersey,
Patillas,patillas,1,puerto_rico,
Patrick,patrick,1,virginia,
Paulding,paulding,2,georgia ohio,
Pawnee,pawnee,3,kansas nebraska oklahoma,
Payette,payette,1,idaho,
Payne,payne,1,oklahoma,
Peach,peach,1,georgia,
Pearl River,pearl-river,1,mississippi,
Pecos,pecos,1,texas,
Pembina,pembina,1,north_dakota,
Pemiscot,pemiscot,1,missouri,
Pend Oreille,pend-oreille,1,washington,
Pender,pender,1,north_carolina,
Pendleton,pendleton,2,kentucky west_virginia,
Pennington,pennington,2,minnesota south_dakota,
Penobscot,penobscot,1,maine,
Peñuelas,penuelas,1,puerto_rico,
Peoria,peoria,1,illinois,
Pepin,pepin,1,wisconsin,
Perkins,perkins,2,nebraska south_dakota,
Perquimans,perquimans,1,north_carolina,
Perry,perry,10,alabama arkansas illinois indiana ...,
Pershing,pershing,1,nevada,
Person,person,1,north_carolina,
Petersburg,petersburg,2,alaska virginia,
Petroleum,petroleum,1,montana,
Pettis,pettis,1,missouri,
Phelps,phelps,2,missouri nebraska,
Philadelphia,philadelphia,1,pennsylvania,
Phillips,phillips,4,arkansas colorado kansas montana,
Piatt,piatt,1,illinois,
Pickaway,pickaway,1,ohio,
Pickens,pickens,3,alabama georgia south_carolina,
Pickett,pickett,1,tennessee,
Pierce,pierce,5,georgia nebraska north_dakota washington ...,
Pike,pike,10,alabama arkansas georgia illinois ...,
Pima,pima,1,arizona,
Pinal,pinal,1,arizona,
Pine,pine,1,minnesota,
Pinellas,pinellas,1,florida,
Pipestone,pipestone,1,minnesota,
Piscataquis,piscataquis,1,maine,
Pitkin,pitkin,1,colorado,
Pitt,pitt,1,north_carolina,
Pittsburg,pittsburg,1,oklahoma,
Pittsylvania,pittsylvania,1,virginia,
Piute,piute,1,utah,
Placer,placer,1,california,
Plaquemines,plaquemines,1,louisiana,
Platte,platte,3,missouri nebraska wyoming,
Pleasants,pleasants,1,west_virginia,
Plumas,plumas,1,california,
Plymouth,plymouth,2,iowa massachusetts,
Pocahontas,pocahontas,2,iowa west_virginia,
Poinsett,poinsett,1,arkansas,
Pointe Coupee,pointe-coupee,1,louisiana,
Polk,polk,12,arkansas florida georgia iowa ...,
Ponce,ponce,1,puerto_rico,
Pondera,pondera,1,montana,
Pontotoc,pontotoc,2,mississippi oklahoma,
Pope,pope,3,arkansas illinois minnesota,
Poquoson,poquoson,1,virginia,
Portage,portage,2,ohio wisconsin,
Porter,porter,1,indiana,
Portsmouth,portsmouth,1,virginia,
Posey,posey,1,indiana,
Pottawatomie,pottawatomie,2,kansas oklahoma,
Pottawattamie,pottawattamie,1,iowa,
Potter,potter,3,pennsylvania south_dakota texas,
Powder River,powder-river,1,montana,
Powell,powell,2,kentucky montana,
Power,power,1,idaho,
Poweshiek,poweshiek,1,iowa,
Powhatan,powhatan,1,virginia,
Prairie,prairie,2,arkansas montana,
Pratt,pratt,1,kansas,
Preble,preble,1,ohio,
Prentiss,prentiss,1,mississippi,
Presidio,presidio,1,texas,
Presque Isle,presque-isle,1,michigan,
Preston,preston,1,west_virginia,
Price,price,1,wisconsin,
Prince Edward,prince-edward,1,virginia,
Prince George,prince-george,1,virginia,
Prince George's,prince-georges,1,maryland,
Prince of Wales-Hyder,prince-of-wales-hyder,1,alaska,
Prince William,prince-william,1,virginia,
Providence,providence,1,rhode_island,
Prowers,prowers,1,colorado,
Pueblo,pueblo,1,colorado,
Pulaski,pulaski,7,arkansas georgia illinois indiana ...,
Pushmataha,pushmataha,1,oklahoma,
Putnam,putnam,9,florida georgia illinois indiana ...,
Quay,quay,1,new_mexico,
Quebradillas,quebradillas,1,puerto_rico,
Queen Anne's,queen-annes,1,maryland,
Queens,queens,1,new_york,
Quitman,quitman,2,georgia mississippi,
Rabun,rabun,1,georgia,
Racine,racine,1,wisconsin,
Radford,radford,1,virginia,
Rains,rains,1,texas,
Raleigh,raleigh,1,west_virginia,
Ralls,ralls,1,missouri,
Ramsey,ramsey,2,minnesota north_dakota,
Randall,randall,1,texas,
Randolph,randolph,8,alabama arkansas georgia illinois ...,
Rankin,rankin,1,mississippi,
Ransom,ransom,1,north_dakota,
Rapides,rapides,1,louisiana,
Rappahannock,rappahannock,1,virginia,
Ravalli,ravalli,1,montana,
Rawlins,rawlins,1,kansas,
Ray,ray,1,missouri,
Reagan,reagan,1,texas,
Real,real,1,texas,
Red Lake,red-lake,1,minnesota,
Red River,red-river,2,louisiana texas,
Red Willow,red-willow,1,nebraska,
Redwood,redwood,1,minnesota,
Reeves,reeves,1,texas,
Refugio,refugio,1,texas,
Reno,reno,1,kansas,
Rensselaer,rensselaer,1,new_york,
Renville,renville,2,minnesota north_dakota,
Republic,republic,1,kansas,
Reynolds,reynolds,1,missouri,
Rhea,rhea,1,tennessee,
Rice,rice,2,kansas minnesota,
Rich,rich,1,utah,
Richardson,richardson,1,nebraska,
Richland,richland,7,illinois louisiana montana north_dakota ...,
Richmond,richmond,4,georgia new_york north_carolina virginia,
Richmond City,richmond-city,1,virginia,
Riley,riley,1,kansas,
Rincón,rincon,1,puerto_rico,
Ringgold,ringgold,1,iowa,
Rio Arriba,rio-arriba,1,new_mexico,
Rio Blanco,rio-blanco,1,colorado,
Rio Grande,rio-grande,2,colorado puerto_rico,
Ripley,ripley,2,indiana missouri,
Ritchie,ritchie,1,west_virginia,
Riverside,riverside,1,california,
Roane,roane,2,tennessee west_virginia,
Roanoke,roanoke,1,virginia,
Roanoke City,roanoke-city,1,virginia,
Roberts,roberts,2,south_dakota texas,
Robertson,robertson,3,kentucky tennessee texas,
Robeson,robeson,1,north_carolina,
Rock,rock,3,minnesota nebraska wisconsin,
Rock Island,rock-island,1,illinois,
Rockbridge,rockbridge,1,virginia,
Rockcastle,rockcastle,1,kentucky,
Rockdale,rockdale,1,georgia,
Rockingham,rockingham,3,new_hampshire north_carolina virginia,
Rockland,rockland,1,new_york,
Rockwall,rockwall,1,texas,
Roger Mills,roger-mills,1,oklahoma,
Rogers,rogers,1,oklahoma,
Rolette,rolette,1,north_dakota,
Rooks,rooks,1,kansas,
Roosevelt,roosevelt,2,montana new_mexico,
Roscommon,roscommon,1,michigan,
Rose Island,rose-island,1,american_samoa,
Roseau,roseau,1,minnesota,
Rosebud,rosebud,1,montana,
Ross,ross,1,ohio,
Rota,rota,1,northern_mariana_islands,
Routt,routt,1,colorado,
Rowan,rowan,2,kentucky north_carolina,
Runnels,runnels,1,texas,
Rush,rush,2,indiana kansas,
Rusk,rusk,2,texas wisconsin,
Russell,russell,4,alabama kansas kentucky virginia,
Rutherford,rutherford,2,north_carolina tennessee,
Rutland,rutland,1,vermont,
Sabana Grande,sabana-grande,1,puerto_rico,
Sabine,sabine,2,louisiana texas,
Sac,sac,1,iowa,
Sacramento,sacramento,1,california,
Sagadahoc,sagadahoc,1,maine,
Saginaw,saginaw,1,michigan,
Saguache,saguache,1,colorado,
Saint Bernard,saint-bernard,1,louisiana,
Saint Charles,saint-charles,2,louisiana missouri,
Saint Clair,saint-clair,4,alabama illinois michigan missouri,
Saint Croix,saint-croix,2,u_s_virgin_islands wisconsin,
Saint Francis,saint-francis,1,arkansas,
Saint Francois,saint-francois,1,missouri,
Saint Helena,saint-helena,1,louisiana,
Saint James,saint-james,1,louisiana,
Saint John,saint-john,1,u_s_virgin_islands,
Saint John the Baptist,saint-john-the-baptist,1,louisiana,
Saint Johns,saint-johns,1,florida,
Saint Joseph,saint-joseph,2,indiana michigan,
Saint Landry,saint-landry,1,louisiana,
Saint Lawrence,saint-lawrence,1,new_york,
Saint Louis,saint-louis,2,minnesota missouri,
Saint Louis City,saint-louis-city,1,missouri,
Saint Lucie,saint-lucie,1,florida,
Saint Martin,saint-martin,1,louisiana,
Saint Mary,saint-mary,1,louisiana,
Saint Mary's,saint-marys,1,maryland,
Saint Tammany,saint-tammany,1,louisiana,
Saint Thomas,saint-thomas,1,u_s_virgin_islands,
Sainte Genevieve,sainte-genevieve,1,missouri,
Saipan,saipan,1,northern_mariana_islands,
Salem,salem,2,new_jersey virginia,
Salinas,salinas,1,puerto_rico,
Saline,saline,5,arkansas illinois kansas missouri ...,
Salt Lake,salt-lake,1,utah,
Saluda,saluda,1,south_carolina,
Sampson,sampson,1,north_carolina,
San Augustine,san-augustine,1,texas,
San Benito,san-benito,1,california,
San Bernardino,san-bernardino,1,california,
San Diego,san-diego,1,california,
San Francisco,san-francisco,1,california,
San Germán,san-german,1,puerto_rico,
San Jacinto,san-jacinto,1,texas,
San Joaquin,san-joaquin,1,california,
San Juan,san-juan,5,colorado new_mexico puerto_rico utah ...,
San Lorenzo,san-lorenzo,1,puerto_rico,
San Luis Obispo,san-luis-obispo,1,california,
San Mateo,san-mateo,1,california,
San Miguel,san-miguel,2,colorado new_mexico,
San Patricio,san-patricio,1,texas,
San Saba,san-saba,1,texas,
San Sebastián,san-sebastian,1,puerto_rico,
Sanborn,sanborn,1,south_dakota,
Sanders,sanders,1,montana,
Sandoval,sandoval,1,new_mexico,
Sandusky,sandusky,1,ohio,
Sangamon,sangamon,1,illinois,
Sanilac,sanilac,1,michigan,
Sanpete,sanpete,1,utah,
Santa Barbara,santa-barbara,1,california,
Santa Clara,santa-clara,1,california,
Santa Cruz,santa-cruz,2,arizona california,
Santa Fe,santa-fe,1,new_mexico,
Santa Isabel,santa-isabel,1,puerto_rico,
Santa Rosa,santa-rosa,1,florida,
Sarasota,sarasota,1,florida,
Saratoga,saratoga,1,new_york,
Sargent,sargent,1,north_dakota,
Sarpy,sarpy,1,nebraska,
Sauk,sauk,1,wisconsin,
Saunders,saunders,1,nebraska,
Sawyer,sawyer,1,wisconsin,
Schenectady,schenectady,1,new_york,
Schleicher,schleicher,1,texas,
Schley,schley,1,georgia,
Schoharie,schoharie,1,new_york,
Schoolcraft,schoolcraft,1,michigan,
Schuyler,schuyler,3,illinois missouri new_york,
Schuylkill,schuylkill,1,pennsylvania,
Scioto,scioto,1,ohio,
Scotland,scotland,2,missouri north_carolina,
Scott,scott,11,arkansas illinois indiana iowa ...,
Scotts Bluff,scotts-bluff,1,nebraska,
Screven,screven,1,georgia,
Scurry,scurry,1,texas,
Searcy,searcy,1,arkansas,
Sebastian,sebastian,1,arkansas,
Sedgwick,sedgwick,2,colorado kansas,
Seminole,seminole,3,florida georgia oklahoma,
Seneca,seneca,2,new_york ohio,
Sequatchie,sequatchie,1,tennessee,
Sequoyah,sequoyah,1,oklahoma,
Sevier,sevier,3,arkansas tennessee utah,
Seward,seward,2,kansas nebraska,
Shackelford,shackelford,1,texas,
Shannon,shannon,1,missouri,
Sharkey,sharkey,1,mississippi,
Sharp,sharp,1,arkansas,
Shasta,shasta,1,california,
Shawano,shawano,1,wisconsin,
Shawnee,shawnee,1,kansas,
Sheboygan,sheboygan,1,wisconsin,
Shelby,shelby,9,alabama illinois indiana iowa ...,
Shenandoah,shenandoah,1,virginia,
Sherburne,sherburne,1,minnesota,
Sheridan,sheridan,5,kansas montana nebraska north_dakota ...,
Sherman,sherman,4,kansas nebraska oregon texas,
Shiawassee,shiawassee,1,michigan,
Shoshone,shoshone,1,idaho,
Sibley,sibley,1,minnesota,
Sierra,sierra,2,california new_mexico,
Silver Bow,silver-bow,1,montana,
Simpson,simpson,2,kentucky mississippi,
Sioux,sioux,3,iowa nebraska north_dakota,
Siskiyou,siskiyou,1,california,
Sitka,sitka,1,alaska,
Skagit,skagit,1,washington,
Skagway,skagway,1,alaska,
Skamania,skamania,1,washington,
Slope,slope,1,north_dakota,
Smith,smith,4,kansas mississippi tennessee texas,
Smyth,smyth,1,virginia,
Snohomish,snohomish,1,washington,
Snyder,snyder,1,pennsylvania,
Socorro,socorro,1,new_mexico,
Solano,solano,1,california,
Somerset,somerset,4,maine maryland new_jersey pennsylvania,
Somervell,somervell,1,texas,
Sonoma,sonoma,1,california,
South Central Connecticut,south-central-connecticut,1,connecticut,
Southampton,southampton,1,virginia,
Southeast Fairbanks,southeast-fairbanks,1,alaska,
Southeastern Connecticut,southeastern-connecticut,1,connecticut,
Spalding,spalding,1,georgia,
Spartanburg,spartanburg,1,south_carolina,
Spencer,spencer,2,indiana kentucky,
Spink,spink,1,south_dakota,
Spokane,spokane,1,washington,
Spotsylvania,spotsylvania,1,virginia,
Stafford,stafford,2,kansas virginia,
Stanislaus,stanislaus,1,california,
Stanley,stanley,1,south_dakota,
Stanly,stanly,1,north_carolina,
Stanton,stanton,2,kansas nebraska,
Stark,stark,3,illinois north_dakota ohio,
Starke,starke,1,indiana,
Starr,starr,1,texas,
Staunton,staunton,1,virginia,
Stearns,stearns,1,minnesota,
Steele,steele,2,minnesota north_dakota,
Stephens,stephens,3,georgia oklahoma texas,
Stephenson,stephenson,1,illinois,
Sterling,sterling,1,texas,
Steuben,steuben,2,indiana new_york,
Stevens,stevens,3,kansas minnesota washington,
Stewart,stewart,2,georgia tennessee,
Stillwater,stillwater,1,montana,
Stoddard,stoddard,1,missouri,
Stokes,stokes,1,north_carolina,
Stone,stone,3,arkansas mississippi missouri,
Stonewall,stonewall,1,texas,
Storey,storey,1,nevada,
Story,story,1,iowa,
Strafford,strafford,1,new_hampshire,
Stutsman,stutsman,1,north_dakota,
Sublette,sublette,1,wyoming,
Suffolk,suffolk,3,massachusetts new_york virginia,
Sullivan,sullivan,6,indiana missouri new_hampshire new_york ...,
Sully,sully,1,south_dakota,
Summers,summers,1,west_virginia,
Summit,summit,3,colorado ohio utah,
Sumner,sumner,2,kansas tennessee,
Sumter,sumter,4,alabama florida georgia south_carolina,
Sunflower,sunflower,1,mississippi,
Surry,surry,2,north_carolina virginia,
Susquehanna,susquehanna,1,pennsylvania,
Sussex,sussex,3,delaware new_jersey virginia,
Sutter,sutter,1,california,
Sutton,sutton,1,texas,
Suwannee,suwannee,1,florida,
Swain,swain,1,north_carolina,
Swains Island,swains-island,1,american_samoa,
Sweet Grass,sweet-grass,1,montana,
Sweetwater,sweetwater,1,wyoming,
Swift,swift,1,minnesota,
Swisher,swisher,1,texas,
Switzerland,switzerland,1,indiana,
Talbot,talbot,2,georgia maryland,
Taliaferro,taliaferro,1,georgia,
Talladega,talladega,1,alabama,
Tallahatchie,tallahatchie,1,mississippi,
Tallapoosa,tallapoosa,1,alabama,
Tama,tama,1,iowa,
Taney,taney,1,missouri,
Tangipahoa,tangipahoa,1,louisiana,
Taos,taos,1,new_mexico,
Tarrant,tarrant,1,texas,
Tate,tate,1,mississippi,
Tattnall,tattnall,1,georgia,
Taylor,taylor,7,florida georgia iowa kentucky ...,
Tazewell,tazewell,2,illinois virginia,
Tehama,tehama,1,california,
Telfair,telfair,1,georgia,
Teller,teller,1,colorado,
Tensas,tensas,1,louisiana,
Terrebonne,terrebonne,1,louisiana,
Terrell,terrell,2,georgia texas,
Terry,terry,1,texas,
Teton,teton,3,idaho montana wyoming,
Texas,texas,2,missouri oklahoma,
Thayer,thayer,1,nebraska,
Thomas,thomas,3,georgia kansas nebraska,
Throckmorton,throckmorton,1,texas,
Thurston,thurston,2,nebraska washington,
Tift,tift,1,georgia,
Tillamook,tillamook,1,oregon,
Tillman,tillman,1,oklahoma,
Tinian,tinian,1,northern_mariana_islands,
Tioga,tioga,2,new_york pennsylvania,
Tippah,tippah,1,mississippi,
Tippecanoe,tippecanoe,1,indiana,
Tipton,tipton,2,indiana tennessee,
Tishomingo,tishomingo,1,mississippi,
Titus,titus,1,texas,
Toa Alta,toa-alta,1,puerto_rico,
Toa Baja,toa-baja,1,puerto_rico,
Todd,todd,3,kentucky minnesota south_dakota,
Tom Green,tom-green,1,texas,
Tompkins,tompkins,1,new_york,
Tooele,tooele,1,utah,
Toole,toole,1,montana,
Toombs,toombs,1,georgia,
Torrance,torrance,1,new_mexico,
Towner,towner,1,north_dakota,
Towns,towns,1,georgia,
Traill,traill,1,north_dakota,
Transylvania,transylvania,1,north_carolina,
Traverse,traverse,1,minnesota,
Travis,travis,1,texas,
Treasure,treasure,1,montana,
Trego,trego,1,kansas,
Trempealeau,trempealeau,1,wisconsin,
Treutlen,treutlen,1,georgia,
Trigg,trigg,1,kentucky,
Trimble,trimble,1,kentucky,
Trinity,trinity,2,california texas,
Tripp,tripp,1,south_dakota,
Troup,troup,1,georgia,
Trousdale,trousdale,1,tennessee,
Trujillo Alto,trujillo-alto,1,puerto_rico,
Trumbull,trumbull,1,ohio,
Tucker,tucker,1,west_virginia,
Tulare,tulare,1,california,
Tulsa,tulsa,1,oklahoma,
Tunica,tunica,1,mississippi,
Tuolumne,tuolumne,1,california,
Turner,turner,2,georgia south_dakota,
Tuscaloosa,tuscaloosa,1,alabama,
Tuscarawas,tuscarawas,1,ohio,
Tuscola,tuscola,1,michigan,
Twiggs,twiggs,1,georgia,
Twin Falls,twin-falls,1,idaho,
Tyler,tyler,2,texas west_virginia,
Tyrrell,tyrrell,1,north_carolina,
Uinta,uinta,1,wyoming,
Uintah,uintah,1,utah,
Ulster,ulster,1,new_york,
Umatilla,umatilla,1,oregon,
Unicoi,unicoi,1,tennessee,
Union,union,18,arkansas florida georgia illinois ...,
Upshur,upshur,2,texas west_virginia,
Upson,upson,1,georgia,
Upton,upton,1,texas,
Utah,utah,1,utah,
Utuado,utuado,1,puerto_rico,
Uvalde,uvalde,1,texas,
Val Verde,val-verde,1,texas,
Valencia,valencia,1,new_mexico,
Valley,valley,3,idaho montana nebraska,
Van Buren,van-buren,4,arkansas iowa michigan tennessee,
Van Wert,van-wert,1,ohio,
Van Zandt,van-zandt,1,texas,
Vance,vance,1,north_carolina,
Vanderburgh,vanderburgh,1,indiana,
Vega Alta,vega-alta,1,puerto_rico,
Vega Baja,vega-baja,1,puerto_rico,
Venango,venango,1,pennsylvania,
Ventura,ventura,1,california,
Vermilion,vermilion,2,illinois louisiana,
Vermillion,vermillion,1,indiana,
Vernon,vernon,3,louisiana missouri wisconsin,
Victoria,victoria,1,texas,
Vieques,vieques,1,puerto_rico,
Vigo,vigo,1,indiana,
Vilas,vilas,1,wisconsin,
Villalba,villalba,1,puerto_rico,
Vinton,vinton,1,ohio,
Virginia Beach,virginia-beach,1,virginia,
Volusia,volusia,1,florida,
Wabash,wabash,2,illinois indiana,
Wabasha,wabasha,1,minnesota,
Wabaunsee,wabaunsee,1,kansas,
Wadena,wadena,1,minnesota,
Wagoner,wagoner,1,oklahoma,
Wahkiakum,wahkiakum,1,washington,
Wake,wake,1,north_carolina,
Wakulla,wakulla,1,florida,
Waldo,waldo,1,maine,
Walker,walker,3,alabama georgia texas,
Walla Walla,walla-walla,1,washington,
Wallace,wallace,1,kansas,
Waller,waller,1,texas,
Wallowa,wallowa,1,oregon,
Walsh,walsh,1,north_dakota,
Walthall,walthall,1,mississippi,
Walton,walton,2,florida georgia,
Walworth,walworth,2,south_dakota wisconsin,
Wapello,wapello,1,iowa,
Ward,ward,2,north_dakota texas,
Ware,ware,1,georgia,
Warren,warren,14,georgia illinois indiana iowa ...,
Warrick,warrick,1,indiana,
Wasatch,wasatch,1,utah,
Wasco,wasco,1,oregon,
Waseca,waseca,1,minnesota,
Washakie,washakie,1,wyoming,
Washburn,washburn,1,wisconsin,
Washington,washington,31,alabama arkansas colorado florida ...,
Washita,washita,1,oklahoma,
Washoe,washoe,1,nevada,
Washtenaw,washtenaw,1,michigan,
Watauga,watauga,1,north_carolina,
Watonwan,watonwan,1,minnesota,
Waukesha,waukesha,1,wisconsin,
Waupaca,waupaca,1,wisconsin,
Waushara,waushara,1,wisconsin,
Wayne,wayne,16,georgia illinois indiana iowa ...,
Waynesboro,waynesboro,1,virginia,
Weakley,weakley,1,tennessee,
Webb,webb,1,texas,
Weber,weber,1,utah,
Webster,webster,8,georgia iowa kentucky louisiana ...,
Weld,weld,1,colorado,
Wells,wells,2,indiana north_dakota,
West Baton Rouge,west-baton-rouge,1,louisiana,
West Carroll,west-carroll,1,louisiana,
West Feliciana,west-feliciana,1,louisiana,
Westchester,westchester,1,new_york,
Western,western,1,american_samoa,
Western Connecticut,western-connecticut,1,connecticut,
Westmoreland,westmoreland,2,pennsylvania virginia,
Weston,weston,1,wyoming,
Wetzel,wetzel,1,west_virginia,
Wexford,wexford,1,michigan,
Wharton,wharton,1,texas,
Whatcom,whatcom,1,washington,
Wheatland,wheatland,1,montana,
Wheeler,wheeler,4,georgia nebraska oregon texas,
White,white,5,arkansas georgia illinois indiana ...,
White Pine,white-pine,1,nevada,
Whiteside,whiteside,1,illinois,
Whitfield,whitfield,1,georgia,
Whitley,whitley,2,indiana kentucky,
Whitman,whitman,1,washington,
Wibaux,wibaux,1,montana,
Wichita,wichita,2,kansas texas,
Wicomico,wicomico,1,maryland,
Wilbarger,wilbarger,1,texas,
Wilcox,wilcox,2,alabama georgia,
Wilkes,wilkes,2,georgia north_carolina,
Wilkin,wilkin,1,minnesota,
Wilkinson,wilkinson,2,georgia mississippi,
Will,will,1,illinois,
Willacy,willacy,1,texas,
Williams,williams,2,north_dakota ohio,
Williamsburg,williamsburg,2,south_carolina virginia,
Williamson,williamson,3,illinois tennessee texas,
Wilson,wilson,4,kansas north_carolina tennessee texas,
Winchester,winchester,1,virginia,
Windham,windham,1,vermont,
Windsor,windsor,1,vermont,
Winkler,winkler,1,texas,
Winn,winn,1,louisiana,
Winnebago,winnebago,3,illinois iowa wisconsin,
Winneshiek,winneshiek,1,iowa,
Winona,winona,1,minnesota,
Winston,winston,2,alabama mississippi,
Wirt,wirt,1,west_virginia,
Wise,wise,2,texas virginia,
Wolfe,wolfe,1,kentucky,
Wood,wood,4,ohio texas west_virginia wisconsin,
Woodbury,woodbury,1,iowa,
Woodford,woodford,2,illinois kentucky,
Woodruff,woodruff,1,arkansas,
Woods,woods,1,oklahoma,
Woodson,woodson,1,kansas,
Woodward,woodward,1,oklahoma,
Worcester,worcester,2,maryland massachusetts,
Worth,worth,3,georgia iowa missouri,
Wrangell,wrangell,1,alaska,
Wright,wright,3,iowa minnesota missouri,
Wyandot,wyandot,1,ohio,
Wyandotte,wyandotte,1,kansas,
Wyoming,wyoming,3,new_york pennsylvania west_virginia,
Wythe,wythe,1,virginia,
Yabucoa,yabucoa,1,puerto_rico,
Yadkin,yadkin,1,north_carolina,
Yakima,yakima,1,washington,
Yakutat,yakutat,1,alaska,
Yalobusha,yalobusha,1,mississippi,
Yamhill,yamhill,1,oregon,
Yancey,yancey,1,north_carolina,
Yankton,yankton,1,south_dakota,
Yates,yates,1,new_york,
Yauco,yauco,1,puerto_rico,
Yavapai,yavapai,1,arizona,
Yazoo,yazoo,1,mississippi,
Yell,yell,1,arkansas,
Yellow Medicine,yellow-medicine,1,minnesota,
Yellowstone,yellowstone,1,montana,
Yoakum,yoakum,1,texas,
Yolo,yolo,1,california,
York,york,5,maine nebraska pennsylvania south_carolina ...,
Young,young,1,texas,
Yuba,yuba,1,california,
Yukon-Koyukuk,yukon-koyukuk,1,alaska,
Yuma,yuma,2,arizona colorado,
Zapata,zapata,1,texas,
Zavala,zavala,1,texas,
Ziebach,ziebach,1,south_dakota,
